{
  "project_info": {
    "project_number": "818543070528",
    "project_id": "sos-oyunu-59621",
    "storage_bucket": "sos-oyunu-59621.appspot.com"
  },
  "client": [
    {
      "client_info": {
        "mobilesdk_app_id": "1:818543070528:android:4e269206c4460f83f17ea5",
        "android_client_info": {
          "package_name": "com.sos_oyunu.android"
        }
      },
      "oauth_client": [
        {
          "client_id": "818543070528-9g4bllndsh2k535pcb3d5k9uclhjrse8.apps.googleusercontent.com",
          "client_type": 3
        }
      ],
      "api_key": [
        {
          "current_key": "AIzaSyBqk0FcQeeWBHpWv3Vh_COagnLf3zXflzA"
        }
      ],
      "services": {
        "appinvite_service": {
          "other_platform_oauth_client": [
            {
              "client_id": "818543070528-9g4bllndsh2k535pcb3d5k9uclhjrse8.apps.googleusercontent.com",
              "client_type": 3
            }
          ]
        }
      }
    }
  ],
  "configuration_version": "1"
}