{
  "project_info": {
    "project_number": "866862477955",
    "project_id": "bildirimgonderme-e041f",
    "storage_bucket": "bildirimgonderme-e041f.appspot.com"
  },
  "client": [
    {
      "client_info": {
        "mobilesdk_app_id": "1:866862477955:android:c7a80ead0a262772faa1b6",
        "android_client_info": {
          "package_name": "com.serifgungor.bildirimgondermefirebase"
        }
      },
      "oauth_client": [
        {
          "client_id": "866862477955-c1g3noj4tev0v5uckhk0ni3jl1s0jlnk.apps.googleusercontent.com",
          "client_type": 3
        }
      ],
      "api_key": [
        {
          "current_key": "AIzaSyCDs1QyccVj7bSy9ZvQyOuLbxE84lC3lOE"
        }
      ],
      "services": {
        "appinvite_service": {
          "other_platform_oauth_client": [
            {
              "client_id": "866862477955-c1g3noj4tev0v5uckhk0ni3jl1s0jlnk.apps.googleusercontent.com",
              "client_type": 3
            }
          ]
        }
      }
    }
  ],
  "configuration_version": "1"
}