{
  "project_info": {
    "project_number": "1005060876290",
    "project_id": "ornekproje-5d564",
    "storage_bucket": "ornekproje-5d564.appspot.com"
  },
  "client": [
    {
      "client_info": {
        "mobilesdk_app_id": "1:1005060876290:android:163b7c1da248945bb61f1b",
        "android_client_info": {
          "package_name": "com.myapplication"
        }
      },
      "oauth_client": [
        {
          "client_id": "1005060876290-31r47lsilgeh1f59m5lk6kmkaq56djco.apps.googleusercontent.com",
          "client_type": 3
        }
      ],
      "api_key": [
        {
          "current_key": "AIzaSyBN19-dot-Pnkrvmk6a7kcI4FCw69Zp-ZY"
        }
      ],
      "services": {
        "appinvite_service": {
          "other_platform_oauth_client": [
            {
              "client_id": "1005060876290-31r47lsilgeh1f59m5lk6kmkaq56djco.apps.googleusercontent.com",
              "client_type": 3
            }
          ]
        }
      }
    }
  ],
  "configuration_version": "1"
}