{
  "project_info": {
    "project_number": "555598905012",
    "project_id": "yemekapponline",
    "storage_bucket": "yemekapponline.appspot.com"
  },
  "client": [
    {
      "client_info": {
        "mobilesdk_app_id": "1:555598905012:android:2fcb857d1056b6236a21e1",
        "android_client_info": {
          "package_name": "com.example.yemekapponline"
        }
      },
      "oauth_client": [
        {
          "client_id": "555598905012-en1g800ck9iqliqmgn1k42atr02i8lu8.apps.googleusercontent.com",
          "client_type": 3
        }
      ],
      "api_key": [
        {
          "current_key": "AIzaSyAcp53G0cH3te5p9Nc7UNGRvOioatlBwlA"
        }
      ],
      "services": {
        "appinvite_service": {
          "other_platform_oauth_client": [
            {
              "client_id": "555598905012-en1g800ck9iqliqmgn1k42atr02i8lu8.apps.googleusercontent.com",
              "client_type": 3
            }
          ]
        }
      }
    }
  ],
  "configuration_version": "1"
}